{
  "parent": "builtin/entity",
  "textures": {
    "particle": "block/conduit"
  },
  "display": {
    "gui": {
      "rotation": [30, 45, 0],
      "translation": [0, 0, 0],
      "scale": [1.0, 1.0, 1.0]
    },
    "ground": {
      "rotation": [0, 0, 0],
      "translation": [0, -0.5, 0],
      "scale": [0.5, 0.5, 0.5]
    },
    "head": {
      "rotation": [0, 0, 0],
      "translation": [0, 14.42, 0],
      "scale": [1, 1, 1]
    },
    "fixed": {
      "rotation": [0, 180, 0],
      "translation": [0, 0, 0],
      "scale": [1, 1, 1]
    },
    "thirdperson_righthand": {
      "rotation": [75, 315, 0],
      "translation": [0, 2.5, 0],
      "scale": [0.5, 0.5, 0.5]
    },
    "firstperson_righthand": {
      "rotation": [0, 315, 0],
      "translation": [0, 0, 0],
      "scale": [0.75, 0.75, 0.75]
    }
  }
}
