{
  "parent": "block/block",
  "display": {
    "thirdperson_righthand": {
      "rotation": [0, 0, 0],
      "translation": [0, 0, 1.01],
      "scale": [0.5, 0.5, 0.5]
    },
    "firstperson_righthand": {
      "rotation": [0, 0, 0],
      "translation": [0, 0, 0],
      "scale": [0.4, 0.4, 0.4]
    },
    "firstperson_lefthand": {
      "rotation": [0, 180, 0],
      "translation": [0, 0, 0],
      "scale": [0.4, 0.4, 0.4]
    },
    "head": {
      "rotation": [0, 0, 0],
      "translation": [0, 6.4, 0],
      "scale": [1, 1, 1]
    }
  },
  "textures": {
    "particle": "#texture"
  },
  "elements": [
    {
      "from": [5, 6, 6],
      "to": [11, 10, 10],
      "faces": {
        "down": { "uv": [5, 6, 11, 10], "texture": "#texture" },
        "up": { "uv": [5, 10, 11, 6], "texture": "#texture" },
        "north": { "uv": [5, 12, 11, 16], "texture": "#texture" },
        "south": { "uv": [5, 12, 11, 16], "texture": "#texture" },
        "west": { "uv": [6, 12, 10, 16], "texture": "#texture" },
        "east": { "uv": [6, 12, 10, 16], "texture": "#texture" }
      }
    }
  ]
}
