{
  "parent": "block/block",
  "textures": {
    "particle": "block/cake_side",
    "bottom": "block/cake_bottom",
    "top": "block/cake_top",
    "side": "block/cake_side"
  },
  "elements": [
    {
      "from": [1, 0, 1],
      "to": [15, 8, 15],
      "faces": {
        "down": { "texture": "#bottom", "cullface": "down" },
        "up": { "texture": "#top" },
        "north": { "texture": "#side" },
        "south": { "texture": "#side" },
        "west": { "texture": "#side" },
        "east": { "texture": "#side" }
      }
    }
  ]
}
