{
  "parent": "minecraft:block/block",
  "ambientocclusion": false,
  "textures": {
    "particle": "minecraft:block/cauldron_side",
    "top": "minecraft:block/cauldron_top",
    "bottom": "minecraft:block/cauldron_bottom",
    "side": "minecraft:block/cauldron_side",
    "inside": "minecraft:block/cauldron_inner"
  },
  "elements": [
    {
      "from": [0, 3, 0],
      "to": [16, 4, 16],
      "faces": {
        "down": { "uv": [0, 0, 16, 16], "texture": "#inside" },
        "up": { "uv": [0, 0, 16, 16], "texture": "#inside" }
      }
    },
    {
      "from": [0, 3, 0],
      "to": [16, 16, 2],
      "faces": {
        "up": { "uv": [0, 0, 16, 2], "texture": "#top", "cullface": "up" },
        "north": { "uv": [0, 0, 16, 13], "texture": "#side", "cullface": "north" },
        "south": { "uv": [0, 0, 16, 13], "texture": "#side" }
      }
    },
    {
      "from": [0, 3, 14],
      "to": [16, 16, 16],
      "faces": {
        "up": { "uv": [0, 14, 16, 16], "texture": "#top", "cullface": "up" },
        "north": { "uv": [0, 0, 16, 13], "texture": "#side" },
        "south": { "uv": [0, 0, 16, 13], "texture": "#side", "cullface": "south" }
      }
    },
    {
      "from": [0, 3, 0],
      "to": [2, 16, 16],
      "faces": {
        "up": { "uv": [0, 0, 2, 16], "texture": "#top", "cullface": "up" },
        "west": { "uv": [0, 0, 16, 13], "texture": "#side", "cullface": "west" },
        "east": { "uv": [0, 0, 16, 13], "texture": "#side" }
      }
    },
    {
      "from": [14, 3, 0],
      "to": [16, 16, 16],
      "faces": {
        "up": { "uv": [14, 0, 16, 16], "texture": "#top", "cullface": "up" },
        "west": { "uv": [0, 0, 16, 13], "texture": "#side" },
        "east": { "uv": [0, 0, 16, 13], "texture": "#side", "cullface": "east" }
      }
    },
    {
      "from": [0, 0, 0],
      "to": [2, 3, 4],
      "faces": {
        "down": { "uv": [0, 12, 2, 16], "texture": "#bottom", "cullface": "down" },
        "south": { "uv": [0, 13, 2, 16], "texture": "#side" },
        "west": { "uv": [0, 13, 4, 16], "texture": "#side", "cullface": "west" },
        "east": { "uv": [12, 13, 16, 16], "texture": "#side" }
      }
    },
    {
      "from": [0, 0, 12],
      "to": [2, 3, 16],
      "faces": {
        "down": { "uv": [0, 0, 2, 4], "texture": "#bottom", "cullface": "down" },
        "north": { "uv": [14, 13, 16, 16], "texture": "#side" },
        "west": { "uv": [12, 13, 16, 16], "texture": "#side", "cullface": "west" },
        "east": { "uv": [0, 13, 4, 16], "texture": "#side" }
      }
    },
    {
      "from": [0, 0, 14],
      "to": [4, 3, 16],
      "faces": {
        "down": { "uv": [0, 0, 4, 2], "texture": "#bottom", "cullface": "down" },
        "north": { "uv": [12, 13, 16, 16], "texture": "#side" },
        "south": { "uv": [0, 13, 4, 16], "texture": "#side", "cullface": "south" },
        "east": { "uv": [0, 13, 2, 16], "texture": "#side" }
      }
    },
    {
      "from": [12, 0, 14],
      "to": [16, 3, 16],
      "faces": {
        "down": { "uv": [12, 0, 16, 2], "texture": "#bottom", "cullface": "down" },
        "north": { "uv": [0, 13, 4, 16], "texture": "#side" },
        "south": { "uv": [12, 13, 16, 16], "texture": "#side", "cullface": "south" },
        "west": { "uv": [14, 13, 16, 16], "texture": "#side" }
      }
    },
    {
      "from": [14, 0, 12],
      "to": [16, 3, 16],
      "faces": {
        "down": { "uv": [14, 0, 16, 4], "texture": "#bottom", "cullface": "down" },
        "north": { "uv": [0, 13, 2, 16], "texture": "#side" },
        "west": { "uv": [12, 13, 16, 16], "texture": "#side" },
        "east": { "uv": [0, 13, 4, 16], "texture": "#side", "cullface": "east" }
      }
    },
    {
      "from": [14, 0, 0],
      "to": [16, 3, 4],
      "faces": {
        "down": { "uv": [14, 12, 16, 16], "texture": "#bottom", "cullface": "down" },
        "south": { "uv": [14, 13, 16, 16], "texture": "#side" },
        "west": { "uv": [0, 13, 4, 16], "texture": "#side" },
        "east": { "uv": [12, 13, 16, 16], "texture": "#side", "cullface": "east" }
      }
    },
    {
      "from": [12, 0, 0],
      "to": [16, 3, 2],
      "faces": {
        "down": { "uv": [12, 14, 16, 16], "texture": "#bottom", "cullface": "down" },
        "north": { "uv": [0, 13, 4, 16], "texture": "#side", "cullface": "north" },
        "south": { "uv": [12, 13, 16, 16], "texture": "#side" },
        "west": { "uv": [0, 13, 2, 16], "texture": "#side" }
      }
    },
    {
      "from": [0, 0, 0],
      "to": [4, 3, 2],
      "faces": {
        "down": { "uv": [0, 14, 4, 16], "texture": "#bottom", "cullface": "down" },
        "north": { "uv": [12, 13, 16, 16], "texture": "#side", "cullface": "north" },
        "south": { "uv": [0, 13, 4, 16], "texture": "#side" },
        "east": { "uv": [14, 13, 16, 16], "texture": "#side" }
      }
    }
  ]
}
