{
  "textures": {
    "particle": "#texture"
  },
  "elements": [
    {
      "from": [7, 12, 0],
      "to": [9, 15, 6],
      "faces": {
        "down": { "uv": [7, 10, 9, 16], "texture": "#texture" },
        "up": { "uv": [7, 0, 9, 6], "texture": "#texture" },
        "north": { "uv": [7, 1, 9, 4], "texture": "#texture", "cullface": "north" },
        "west": { "uv": [0, 1, 6, 4], "texture": "#texture" },
        "east": { "uv": [10, 1, 16, 4], "texture": "#texture" }
      }
    },
    {
      "from": [7, 6, 0],
      "to": [9, 9, 6],
      "faces": {
        "down": { "uv": [7, 10, 9, 16], "texture": "#texture" },
        "up": { "uv": [7, 0, 9, 6], "texture": "#texture" },
        "north": { "uv": [7, 7, 9, 10], "texture": "#texture", "cullface": "north" },
        "west": { "uv": [0, 7, 6, 10], "texture": "#texture" },
        "east": { "uv": [10, 7, 16, 10], "texture": "#texture" }
      }
    }
  ]
}
