{
  "textures": {
    "particle": "#side"
  },
  "elements": [
    {
      "from": [0, 0, 0],
      "to": [16, 8, 16],
      "faces": {
        "down": { "uv": [0, 0, 16, 16], "texture": "#bottom", "cullface": "down" },
        "up": { "uv": [0, 0, 16, 16], "texture": "#top" },
        "north": { "uv": [0, 8, 16, 16], "texture": "#side", "cullface": "north" },
        "west": { "uv": [0, 8, 16, 16], "texture": "#side", "cullface": "west" }
      }
    },
    {
      "from": [8, 0, 0],
      "to": [16, 16, 16],
      "faces": {
        "up": { "uv": [8, 0, 16, 16], "texture": "#top", "cullface": "up" },
        "north": { "uv": [0, 0, 8, 16], "texture": "#side", "cullface": "north" },
        "west": { "uv": [0, 0, 16, 16], "texture": "#side" },
        "east": { "uv": [0, 0, 16, 16], "texture": "#side", "cullface": "east" }
      }
    },
    {
      "from": [0, 0, 8],
      "to": [16, 16, 16],
      "faces": {
        "up": { "uv": [0, 8, 16, 16], "texture": "#top", "cullface": "up" },
        "north": { "uv": [0, 0, 16, 16], "texture": "#side" },
        "south": { "uv": [0, 0, 16, 16], "texture": "#side", "cullface": "south" },
        "west": { "uv": [8, 0, 16, 16], "texture": "#side", "cullface": "west" }
      }
    }
  ]
}
