{
  "ambientocclusion": false,
  "textures": {
    "particle": "block/iron_bars",
    "bars": "block/iron_bars",
    "edge": "block/iron_bars"
  },
  "elements": [
    {
      "from": [8, 0.01, 7],
      "to": [8, 15.99, 8],
      "faces": {
        "west": { "uv": [8, 0, 9, 16], "texture": "#bars" },
        "east": { "uv": [9, 0, 8, 16], "texture": "#bars" }
      }
    },
    {
      "from": [7, 0.01, 7],
      "to": [9, 15.99, 7],
      "faces": {
        "north": { "uv": [7, 0, 9, 16], "texture": "#bars" },
        "south": { "uv": [9, 0, 7, 16], "texture": "#bars" }
      }
    }
  ]
}
