{
  "ambientocclusion": false,
  "textures": {
    "particle": "block/iron_bars",
    "edge": "block/iron_bars"
  },
  "elements": [
    {
      "from": [7, 0.01, 7],
      "to": [9, 0.01, 9],
      "faces": {
        "down": { "uv": [7, 7, 9, 9], "texture": "#edge", "cullface": "down" },
        "up": { "uv": [7, 7, 9, 9], "texture": "#edge" }
      }
    },
    {
      "from": [7, 15.99, 7],
      "to": [9, 15.99, 9],
      "faces": {
        "down": { "uv": [7, 7, 9, 9], "texture": "#edge" },
        "up": { "uv": [7, 7, 9, 9], "texture": "#edge", "cullface": "up" }
      }
    }
  ]
}
