{
  "ambientocclusion": false,
  "textures": {
    "particle": "block/repeater_on",
    "slab": "block/smooth_stone",
    "top": "block/repeater_on",
    "lit": "block/redstone_torch"
  },
  "elements": [
    {
      "from": [0, 0, 0],
      "to": [16, 2, 16],
      "faces": {
        "down": { "uv": [0, 0, 16, 16], "texture": "#slab", "cullface": "down" },
        "up": { "uv": [0, 0, 16, 16], "texture": "#top" },
        "north": { "uv": [0, 14, 16, 16], "texture": "#slab", "cullface": "north" },
        "south": { "uv": [0, 14, 16, 16], "texture": "#slab", "cullface": "south" },
        "west": { "uv": [0, 14, 16, 16], "texture": "#slab", "cullface": "west" },
        "east": { "uv": [0, 14, 16, 16], "texture": "#slab", "cullface": "east" }
      }
    },
    {
      "from": [7, 7, 12],
      "to": [9, 7, 14],
      "shade": false,
      "faces": {
        "up": { "uv": [7, 6, 9, 8], "texture": "#lit" }
      }
    },
    {
      "from": [7, 2, 11],
      "to": [9, 8, 15],
      "shade": false,
      "faces": {
        "west": { "uv": [6, 5, 10, 11], "texture": "#lit" },
        "east": { "uv": [6, 5, 10, 11], "texture": "#lit" }
      }
    },
    {
      "from": [6, 2, 12],
      "to": [10, 8, 14],
      "shade": false,
      "faces": {
        "north": { "uv": [6, 5, 10, 11], "texture": "#lit" },
        "south": { "uv": [6, 5, 10, 11], "texture": "#lit" }
      }
    },
    {
      "from": [7, 7, 2],
      "to": [9, 7, 4],
      "shade": false,
      "faces": {
        "up": { "uv": [7, 6, 9, 8], "texture": "#lit" }
      }
    },
    {
      "from": [7, 2, 1],
      "to": [9, 8, 5],
      "shade": false,
      "faces": {
        "west": { "uv": [6, 5, 10, 11], "texture": "#lit" },
        "east": { "uv": [6, 5, 10, 11], "texture": "#lit" }
      }
    },
    {
      "from": [6, 2, 2],
      "to": [10, 8, 4],
      "shade": false,
      "faces": {
        "north": { "uv": [6, 5, 10, 11], "texture": "#lit" },
        "south": { "uv": [6, 5, 10, 11], "texture": "#lit" }
      }
    }
  ]
}
