{
  "parent": "block/block",
  "textures": {
    "particle": "#side"
  },
  "display": {
    "head": {
      "rotation": [0, 0, 0],
      "translation": [0, 14.42, 0],
      "scale": [1, 1, 1]
    }
  },
  "elements": [
    {
      "from": [0, 0, 0],
      "to": [16, 8, 16],
      "faces": {
        "down": { "uv": [0, 0, 16, 16], "texture": "#bottom", "cullface": "down" },
        "up": { "uv": [0, 0, 16, 16], "texture": "#top" },
        "north": { "uv": [0, 8, 16, 16], "texture": "#side", "cullface": "north" },
        "south": { "uv": [0, 8, 16, 16], "texture": "#side", "cullface": "south" },
        "west": { "uv": [0, 8, 16, 16], "texture": "#side", "cullface": "west" },
        "east": { "uv": [0, 8, 16, 16], "texture": "#side", "cullface": "east" }
      }
    }
  ]
}
