{
  "parent": "block/block",
  "display": {
    "gui": {
      "rotation": [30, 225, 0],
      "translation": [0, 4, 0],
      "scale": [1.3, 1.3, 1.3]
    },
    "ground": {
      "rotation": [0, 0, 0],
      "translation": [0, 2, 0],
      "scale": [0.5, 0.5, 0.5]
    },
    "fixed": {
      "rotation": [0, 0, 0],
      "translation": [0, 0, 0],
      "scale": [1, 1, 1]
    },
    "thirdperson_righthand": {
      "rotation": [0, 45, 0],
      "translation": [0, 6, 2],
      "scale": [1, 1, 1]
    },
    "firstperson_righthand": {
      "rotation": [0, 315, 0],
      "translation": [0, 4, 0],
      "scale": [0.6, 0.6, 0.6]
    },
    "head": {
      "rotation": [0, 0, 0],
      "translation": [0, 14.42, 0],
      "scale": [1, 1, 1]
    }
  },
  "elements": [
    {
      "from": [7, 0, 7],
      "to": [9, 6, 9],
      "faces": {
        "north": { "uv": [0, 8, 2, 14], "texture": "#all" },
        "east": { "uv": [0, 8, 2, 14], "texture": "#all" },
        "south": { "uv": [0, 8, 2, 14], "texture": "#all" },
        "west": { "uv": [0, 8, 2, 14], "texture": "#all" },
        "up": { "uv": [0, 6, 2, 8], "texture": "#all" },
        "down": { "uv": [0, 14, 2, 16], "texture": "#all", "cullface": "down" }
      }
    },
    {
      "from": [7.5, 6, 8],
      "to": [8.5, 7, 8],
      "rotation": { "angle": 45, "axis": "y", "origin": [8, 6, 8] },
      "faces": {
        "north": { "uv": [0, 5, 1, 6], "texture": "#all" },
        "south": { "uv": [0, 5, 1, 6], "texture": "#all" }
      }
    },
    {
      "from": [7.5, 6, 8],
      "to": [8.5, 7, 8],
      "rotation": { "angle": -45, "axis": "y", "origin": [8, 6, 8] },
      "faces": {
        "north": { "uv": [0, 5, 1, 6], "texture": "#all" },
        "south": { "uv": [0, 5, 1, 6], "texture": "#all" }
      }
    }
  ]
}
