{
  "parent": "minecraft:block/block",
  "display": {
    "gui": {
      "rotation": [30, 45, 0],
      "translation": [0, -1, 0],
      "scale": [0.8, 0.8, 0.8]
    },
    "head": {
      "rotation": [0, 0, 0],
      "translation": [0, -3, -6],
      "scale": [1, 1, 1]
    },
    "firstperson_righthand": {
      "rotation": [0, 135, 0],
      "translation": [0, 0, 0],
      "scale": [0.4, 0.4, 0.4]
    }
  },
  "textures": {
    "particle": "#texture"
  },
  "elements": [
    {
      "from": [0, 5, 7],
      "to": [2, 16, 9],
      "faces": {
        "down": { "uv": [0, 7, 2, 9], "texture": "#texture" },
        "up": { "uv": [0, 7, 2, 9], "texture": "#texture", "cullface": "up" },
        "north": { "uv": [14, 0, 16, 11], "texture": "#texture" },
        "south": { "uv": [0, 0, 2, 11], "texture": "#texture" },
        "west": { "uv": [7, 0, 9, 11], "texture": "#texture", "cullface": "west" },
        "east": { "uv": [7, 0, 9, 11], "texture": "#texture" }
      }
    },
    {
      "from": [14, 5, 7],
      "to": [16, 16, 9],
      "faces": {
        "down": { "uv": [14, 7, 16, 9], "texture": "#texture" },
        "up": { "uv": [14, 7, 16, 9], "texture": "#texture", "cullface": "up" },
        "north": { "uv": [0, 0, 2, 11], "texture": "#texture" },
        "south": { "uv": [14, 0, 16, 11], "texture": "#texture" },
        "west": { "uv": [7, 0, 9, 11], "texture": "#texture" },
        "east": { "uv": [7, 0, 9, 11], "texture": "#texture", "cullface": "east" }
      }
    },
    {
      "from": [2, 6, 7],
      "to": [14, 9, 9],
      "faces": {
        "down": { "uv": [2, 7, 14, 9], "texture": "#texture" },
        "up": { "uv": [2, 7, 14, 9], "texture": "#texture" },
        "north": { "uv": [2, 7, 14, 10], "texture": "#texture" },
        "south": { "uv": [2, 7, 14, 10], "texture": "#texture" }
      }
    },
    {
      "from": [2, 12, 7],
      "to": [14, 15, 9],
      "faces": {
        "down": { "uv": [2, 7, 14, 9], "texture": "#texture" },
        "up": { "uv": [2, 7, 14, 9], "texture": "#texture" },
        "north": { "uv": [2, 1, 14, 4], "texture": "#texture" },
        "south": { "uv": [2, 1, 14, 4], "texture": "#texture" }
      }
    },
    {
      "from": [6, 9, 7],
      "to": [10, 12, 9],
      "faces": {
        "north": { "uv": [6, 4, 10, 7], "texture": "#texture" },
        "south": { "uv": [6, 4, 10, 7], "texture": "#texture" },
        "west": { "uv": [7, 4, 9, 7], "texture": "#texture" },
        "east": { "uv": [7, 4, 9, 7], "texture": "#texture" }
      }
    }
  ]
}
