{
  "parent": "block/block",
  "textures": {
    "particle": "#lantern"
  },
  "display": {
    "head": {
      "rotation": [0, 0, 0],
      "translation": [0, 14.42, 0],
      "scale": [1, 1, 1]
    },
    "gui": {
      "rotation": [30, 225, 0],
      "translation": [0, 1.5, 0],
      "scale": [0.9, 0.9, 0.9]
    },
    "ground": {
      "rotation": [0, 0, 0],
      "translation": [0, 1.5, 0],
      "scale": [0.5, 0.5, 0.5]
    },
    "fixed": {
      "rotation": [0, 0, 0],
      "translation": [0, 0, 0],
      "scale": [0.75, 0.75, 0.75]
    },
    "thirdperson_righthand": {
      "rotation": [75, 45, 0],
      "translation": [0, -1.3, -1],
      "scale": [0.75, 0.75, 0.75]
    },
    "firstperson_righthand": {
      "rotation": [0, 45, 0],
      "translation": [0, 3, 0],
      "scale": [0.4, 0.4, 0.4]
    },
    "firstperson_lefthand": {
      "rotation": [0, 225, 0],
      "translation": [0, 3, 0],
      "scale": [0.4, 0.4, 0.4]
    }
  },
  "elements": [
    {
      "from": [5, 0, 5],
      "to": [11, 7, 11],
      "shade": false,
      "faces": {
        "down": { "uv": [0, 9, 6, 15], "texture": "#lantern", "cullface": "down" },
        "up": { "uv": [0, 9, 6, 15], "texture": "#lantern" },
        "north": { "uv": [0, 2, 6, 9], "texture": "#lantern" },
        "south": { "uv": [0, 2, 6, 9], "texture": "#lantern" },
        "west": { "uv": [0, 2, 6, 9], "texture": "#lantern" },
        "east": { "uv": [0, 2, 6, 9], "texture": "#lantern" }
      }
    },
    {
      "from": [6, 7, 6],
      "to": [10, 9, 10],
      "shade": false,
      "faces": {
        "up": { "uv": [1, 10, 5, 14], "texture": "#lantern" },
        "north": { "uv": [1, 0, 5, 2], "texture": "#lantern" },
        "south": { "uv": [1, 0, 5, 2], "texture": "#lantern" },
        "west": { "uv": [1, 0, 5, 2], "texture": "#lantern" },
        "east": { "uv": [1, 0, 5, 2], "texture": "#lantern" }
      }
    },
    {
      "from": [6.5, 9, 8],
      "to": [9.5, 11, 8],
      "rotation": { "origin": [8, 8, 8], "axis": "y", "angle": 45 },
      "shade": false,
      "faces": {
        "north": { "uv": [14, 1, 11, 3], "texture": "#lantern" },
        "south": { "uv": [11, 1, 14, 3], "texture": "#lantern" }
      }
    },
    {
      "from": [8, 9, 6.5],
      "to": [8, 11, 9.5],
      "rotation": { "origin": [8, 8, 8], "axis": "y", "angle": 45 },
      "shade": false,
      "faces": {
        "west": { "uv": [14, 10, 11, 12], "texture": "#lantern" },
        "east": { "uv": [11, 10, 14, 12], "texture": "#lantern" }
      }
    }
  ]
}
