{
  "ambientocclusion": false,
  "textures": {
    "particle": "#torch"
  },
  "display": {
    "gui": {
      "rotation": [30, 225, 0],
      "translation": [0, 1.75, 0],
      "scale": [1, 1, 1]
    },
    "ground": {
      "rotation": [0, 0, 0],
      "translation": [0, 2, 0],
      "scale": [0.5, 0.5, 0.5]
    },
    "fixed": {
      "rotation": [0, 0, 0],
      "translation": [0, 0, 0],
      "scale": [0.75, 0.75, 0.75]
    },
    "thirdperson_righthand": {
      "rotation": [0, 45, 0],
      "translation": [0, 6, 2],
      "scale": [1, 1, 1]
    },
    "firstperson_righthand": {
      "rotation": [355, 30, 5],
      "translation": [2, 3.5, 0],
      "scale": [0.6, 0.6, 0.6]
    },
    "firstperson_lefthand": {
      "rotation": [355, 210, 355],
      "translation": [2, 3.5, 0],
      "scale": [0.6, 0.6, 0.6]
    },
    "head": {
      "rotation": [0, 0, 0],
      "translation": [0, 14.42, 0],
      "scale": [1, 1, 1]
    }
  },
  "elements": [
    {
      "from": [7, 0, 7],
      "to": [9, 10, 9],
      "shade": false,
      "faces": {
        "down": { "uv": [7, 13, 9, 15], "texture": "#torch", "cullface": "down" },
        "up": { "uv": [7, 6, 9, 8], "texture": "#torch" }
      }
    },
    {
      "from": [7, 0, 0],
      "to": [9, 16, 16],
      "shade": false,
      "faces": {
        "west": { "uv": [0, 0, 16, 16], "texture": "#torch" },
        "east": { "uv": [0, 0, 16, 16], "texture": "#torch" }
      }
    },
    {
      "from": [0, 0, 7],
      "to": [16, 16, 9],
      "shade": false,
      "faces": {
        "north": { "uv": [0, 0, 16, 16], "texture": "#torch" },
        "south": { "uv": [0, 0, 16, 16], "texture": "#torch" }
      }
    }
  ]
}
